{
    "loss": 0.05541284754872322,
    "accuracy": 0.9640287756919861
}